{
	"system" : {
		"platform" : "windows64",
		"os_name" : "Windows 10",
		"os_version" : "10.0"
	},
	"error" : {
		"executable" : "quartus",
		"comment" : "none",
		"error_message" : "Access Violation at 0X00000000611EC046",
		"source_file" : "unknown",
		"line" : "0",
		"stack_trace" : "\t 0x611ec045: QtGui4 + 0x5c045 (??1QWidget@@UEAA@XZ + 0x4a5)\n\t 0x611ec645: QtGui4 + 0x5c645 (??1QWidgetPrivate@@UEAA@XZ + 0x1c5)\n\t 0x60fbe472: QtCore4 + 0x11e472 (?deleteChildren@QObjectPrivate@@QEAAXXZ + 0xa2)\n\t 0x611ec347: QtGui4 + 0x5c347 (??1QWidget@@UEAA@XZ + 0x7a7)\n\t0x7ffb7398e38b: SYS_QUI + 0x3e38b (??_EQUI_MDI_SUB_WND@@UEAAPEAXI@Z + 0x6b)\n\t 0x60fbf9b4: QtCore4 + 0x11f9b4 (?event@QObject@@UEAA_NPEAVQEvent@@@Z + 0xa4)\n\t 0x611f1402: QtGui4 + 0x61402 (?event@QWidget@@MEAA_NPEAVQEvent@@@Z + 0xd42)\n\t 0x611b2e95: QtGui4 + 0x22e95 (?notify_helper@QApplicationPrivate@@QEAA_NPEAVQObject@@PEAVQEvent@@@Z + 0xf5)\n\t 0x611b2b2f: QtGui4 + 0x22b2f (?notify@QApplication@@UEAA_NPEAVQObject@@PEAVQEvent@@@Z + 0x17bf)\n\t 0x60fad92b: QtCore4 + 0x10d92b (?notifyInternal@QCoreApplication@@AEAA_NPEAVQObject@@PEAVQEvent@@@Z + 0x7b)\n\t 0x60faf502: QtCore4 + 0x10f502 (?sendPostedEvents@QCoreApplicationPrivate@@SAXPEAVQObject@@HPEAVQThreadData@@@Z + 0x2b2)\n\t 0x60ec8368: QtCore4 + 0x28368 (?currentThreadId@QThread@@SAPEAXXZ + 0x1a8)\n\t 0x60ec9680: QtCore4 + 0x29680 (?terminate@QThread@@QEAAXXZ + 0xa0)\n\t0x7ffb416d8ea0: sld_redq + 0x8ea0 (??1REDQ_NODE_WIDGET@@UEAA@XZ + 0xb0)\n\t0x7ffb416d9ec3: sld_redq + 0x9ec3 (??_EREDQ_NODE_WIDGET@@UEAAPEAXI@Z + 0x13)\n\t0x7ffb416d8d5e: sld_redq + 0x8d5e (??1REDQ_DEVICE_WIDGET@@UEAA@XZ + 0xbe)\n\t0x7ffb416d9bf3: sld_redq + 0x9bf3 (??_EREDQ_DEVICE_WIDGET@@UEAAPEAXI@Z + 0x13)\n\t0x7ffb416d908e: sld_redq + 0x908e (??1REDQ_WIDGET@@UEAA@XZ + 0x3e)\n\t0x7ffb416da0d3: sld_redq + 0xa0d3 (??_EREDQ_WIDGET@@UEAAPEAXI@Z + 0x13)\n\t 0x60fbe472: QtCore4 + 0x11e472 (?deleteChildren@QObjectPrivate@@QEAAXXZ + 0xa2)\n\t 0x611ec347: QtGui4 + 0x5c347 (??1QWidget@@UEAA@XZ + 0x7a7)\n\t0x7ffb416d99f4: sld_redq + 0x99f4 (??_EQSplitter@@UEAAPEAXI@Z + 0x14)\n\t 0x60fbe472: QtCore4 + 0x11e472 (?deleteChildren@QObjectPrivate@@QEAAXXZ + 0xa2)\n\t 0x611ec347: QtGui4 + 0x5c347 (??1QWidget@@UEAA@XZ + 0x7a7)\n\t0x7ffb416d9e87: sld_redq + 0x9e87 (??_EREDQ_LAYOUT_WIDGET@@UEAAPEAXI@Z + 0x37)\n\t 0x60fbe472: QtCore4 + 0x11e472 (?deleteChildren@QObjectPrivate@@QEAAXXZ + 0xa2)\n\t 0x611ec347: QtGui4 + 0x5c347 (??1QWidget@@UEAA@XZ + 0x7a7)\n\t0x7ffb416d9c47: sld_redq + 0x9c47 (??_EREDQ_FRAME_WND@@UEAAPEAXI@Z + 0x37)\n\t 0x60fbf9b4: QtCore4 + 0x11f9b4 (?event@QObject@@UEAA_NPEAVQEvent@@@Z + 0xa4)\n\t 0x611f1402: QtGui4 + 0x61402 (?event@QWidget@@MEAA_NPEAVQEvent@@@Z + 0xd42)\n\t 0x61529d30: QtGui4 + 0x399d30 (?event@QMainWindow@@MEAA_NPEAVQEvent@@@Z + 0x280)\n\t 0x611b2e95: QtGui4 + 0x22e95 (?notify_helper@QApplicationPrivate@@QEAA_NPEAVQObject@@PEAVQEvent@@@Z + 0xf5)\n\t 0x611b2b2f: QtGui4 + 0x22b2f (?notify@QApplication@@UEAA_NPEAVQObject@@PEAVQEvent@@@Z + 0x17bf)\n\t 0x60fad92b: QtCore4 + 0x10d92b (?notifyInternal@QCoreApplication@@AEAA_NPEAVQObject@@PEAVQEvent@@@Z + 0x7b)\n\t 0x60faf502: QtCore4 + 0x10f502 (?sendPostedEvents@QCoreApplicationPrivate@@SAXPEAVQObject@@HPEAVQThreadData@@@Z + 0x2b2)\n\t 0x60fd2fb8: QtCore4 + 0x132fb8 (?processEvents@QEventDispatcherWin32@@UEAA_NV?$QFlags@W4ProcessEventsFlag@QEventLoop@@@@@Z + 0xb98)\n\t0x7ffba044e857: USER32 + 0xe857 (CallWindowProcW + 0x3f7)\n\t0x7ffba044e298: USER32 + 0xe298 (DispatchMessageW + 0x258)\n\t 0x60fd2802: QtCore4 + 0x132802 (?processEvents@QEventDispatcherWin32@@UEAA_NV?$QFlags@W4ProcessEventsFlag@QEventLoop@@@@@Z + 0x3e2)\n\t 0x61210eb4: QtGui4 + 0x80eb4 (?openPopup@QApplicationPrivate@@QEAAXPEAVQWidget@@@Z + 0x204)\n\t 0x60faa88b: QtCore4 + 0x10a88b (?exec@QEventLoop@@QEAAHV?$QFlags@W4ProcessEventsFlag@QEventLoop@@@@@Z + 0x22b)\n\t 0x60face6f: QtCore4 + 0x10ce6f (?exec@QCoreApplication@@SAHXZ + 0xdf)\n\t0x7ff620b6197b: quartus + 0x197b (?qgq_main@@YAHHPEAPEBD@Z + 0x7b)\n\t0x7ffb8b912e98: CCL_MSG + 0x12e98 (?msg_main_thread@@YAPEAXPEAX@Z + 0x18)\n\t0x7ffb8b91467e: CCL_MSG + 0x1467e (?msg_thread_wrapper@@YAPEAXP6APEAXPEAX@Z0@Z + 0x6e)\n\t0x7ffb8ba66660: ccl_mem + 0x16660 (?mem_thread_wrapper@@YAPEAXP6APEAXPEAX@Z0@Z + 0x70)\n\t0x7ffb8b912761: CCL_MSG + 0x12761 (?msg_exe_main@@YAHHPEAPEBDP6AHH0@Z@Z + 0xa1)\n\t0x7ff620b624e7: quartus + 0x24e7 (WinMain + 0x127)\n\t0x7ff620b61e58: quartus + 0x1e58 (__tmainCRTStartup + 0x148)\n\t0x7ffb9fee7033: KERNEL32 + 0x17033 (BaseThreadInitThunk + 0x13)\n\t0x7ffba1b62650: ntdll + 0x52650 (RtlUserThreadStart + 0x20)\n",
		"subsystem" : "unknown"
	},
	"quartus" : {
		"quartus_bits" : "64",
		"version" : "17.1.0",
		"build" : "590",
		"edition" : "Lite Edition"
	}
}